{
    "loss": 3.797248601913452,
    "accuracy": 0.7635369300842285
}