{
    "loss": [
        3.8061869144439697,
        0.7630034685134888
    ],
    "accuracy": 0.7630034685134888
}